{"0": {"precision": 0.8306737588652482, "recall": 0.9070667957405615, "f1-score": 0.8671911152244332, "support": 1033.0}, "1": {"precision": 0.6559139784946236, "recall": 0.4893048128342246, "f1-score": 0.5604900459418071, "support": 374.0}, "accuracy": 0.7960199004975125, "macro avg": {"precision": 0.743293868679936, "recall": 0.6981858042873931, "f1-score": 0.71384058058312, "support": 1407.0}, "weighted avg": {"precision": 0.7842201996196095, "recall": 0.7960199004975125, "f1-score": 0.7856657421528609, "support": 1407.0}}